rank,description,similarity_score
1,A tall man standing in a room holding a big dog in his arms.,0.23347661
2,"A fair bearded man standing in a room in white formal shirt, grey trousers and brown leather shoes holding a big grey dog in his arms.",0.22991988
3,A man standing straight and holding a dog with both hands.,0.19086751
4,A big animal carried by a human being in a closed room.,0.16489007
5,Two living beings in front of a bookcase in a white room,0.12820941
6,A human showing empathy towards a fellow living creature by displaying care for it.,0.091884166
7,A book case kept in front of a white wall being blocked by two living entities.,0.076458044
8,A dog in a lying position some distance above the ground.,0.062488444
9,A snake trying to attack an innocent child playing with her toys.,0.030963361
10,"A black cat is playing with a young boy in a sunlit park, surrounded by green trees and a clear blue sky.",-0.045937397
